{
    "names": ["Mahi", "Sourav", "Azhar", "Sunny", "Pataudi", "Dravid"],
    "Y": [2012, 2004, 2000, 1980, 1965, 2008],
    "played": [45, 49, 47, 47, 40, 25],
    "won": [22, 21, 14, 9, 9, 8],
    "lost": [12, 13, 14, 8, 19, 6],
    "victory": [0.488888888888889, 0.428571428571429, 0.297872340425532, 0.191489361702128, 0.225, 0.32]
}
